,w,t,beta,overall,training time
SGD with gamma_n decayed,0.08201702381223241,0.12721931174930384,0.025648753973514158,0.07829502984501681,232.7508287
ASGD with gamma_n decayed,0.0509781997706322,0.06109328299549366,0.019816487848789473,0.043962656871638445,232.7508287
