,w,t,beta,overall,training time
SGD with gamma_n decayed,0.06478431001194397,0.05334444368808111,0.032966170313666526,0.05036497467123054,324.9480153
ASGD with gamma_n decayed,0.049562688390505705,0.060916382771367905,0.01914866809600039,0.04320924641929133,324.9480153
