,w,t,beta,overall,training time
SGD with gamma_n decayed,0.07562818813065106,0.12334812431584996,0.028876163716192067,0.07595082538756436,95.10722550000001
ASGD with gamma_n decayed,0.04803016993846695,0.057313537714409724,0.020287091979026832,0.04187693321063451,95.10722550000001
