,w,t,beta,overall,training time
SGD with gamma_n decayed,0.060286425094379426,0.028369357093802172,0.04062691480258126,0.043094232330254285,9.6457014
ASGD with gamma_n decayed,0.04524453092823663,0.06436921963361575,0.00978433783506972,0.03979936279897404,9.6457014
