,w,t,beta,overall,training time
SGD with gamma_n decayed,0.07588920692506716,0.05648009402307258,0.011416727580036075,0.04792867617605861,18.857489
ASGD with gamma_n decayed,0.044764586050629815,0.05812902216579563,0.0197107744560154,0.04086812755748028,18.857489
