,w,t,beta,overall,training time
SGD with gamma_n decayed,0.08329068218307507,0.04831708225612785,0.04415175717559787,0.0585865072049336,45.89801949999999
ASGD with gamma_n decayed,0.0445126304279894,0.07761830434276706,0.09482906016253674,0.07231999831109774,45.89801949999999
