,w,t,beta,overall,training time
SGD with gamma_n decayed,0.06432700978916675,0.014578861090815076,0.03850297423738013,0.03913628170578732,521.0642649
ASGD with gamma_n decayed,0.047127869812063634,0.05796649031396084,0.018818047445285865,0.04130413585710344,521.0642649
