,w,t,beta,overall,training time
Batch SGD with gamma_n decayed,0.01692047931292153,0.01056273595947066,0.008105784313809051,0.011862999862067082,3.733410000000001
Batch ASGD with gamma_n decayed,0.022734144792745648,0.009801240232236719,0.018848125449798157,0.01712783682492684,3.733410000000001
