,w,t,beta,overall,training time
Batch SGD,0.05355576974702467,0.04567808114272037,0.028517587731716105,0.04258381287382038,0.14167869999999994
