,w,t,beta,overall,training time
Batch SGD with gamma_n decayed,0.016251554158000937,0.0054697135907093575,0.010529808624448174,0.010750358791052822,3.1191397999999992
Batch ASGD with gamma_n decayed,0.0399355174757836,0.01670529320963099,0.02684432283205959,0.02782837783915806,3.1191397999999992
