,w,t,beta,overall,training time
Batch SGD,0.04731139219991266,0.055365312118008325,0.04015046463573808,0.047609056317886346,2.4829876000000004
