,w,t,beta,overall,training time
Batch SGD with gamma_n decayed,0.015212755049666994,0.009314167821920405,0.006667108591172859,0.010398010487586753,1.5824177000000001
Batch ASGD with gamma_n decayed,0.07029786404914223,0.036918572024067786,0.06421160552826206,0.05714268053382402,1.5824177000000001
