,w,t,beta,overall,training time
Batch SGD with gamma_n decayed,0.030722475882832372,0.013924609172675961,0.025862244516748553,0.023503109857418963,0.7744486999999998
Batch ASGD with gamma_n decayed,0.17315148910989747,0.0689032733858323,0.23648812074857642,0.15951429441476872,0.7744486999999998
