,w,t,beta,overall,training time
Batch SGD with gamma_n decayed,0.1610533464358024,0.06141864226332072,0.15052978392409136,0.12433392420773816,0.30639510000000003
Batch ASGD with gamma_n decayed,0.3174931324285525,0.14995035207138785,0.309234134036743,0.25889253951222774,0.30639510000000003
