,w,t,beta,overall,training time
Batch SGD with gamma_n decayed,0.016478226983557383,0.005390626667078791,0.005484774436958309,0.009117876029198162,6.221417799999999
Batch ASGD with gamma_n decayed,0.017021331345570996,0.0034615932035110264,0.012884244483317707,0.011122389677466578,6.221417799999999
