,w,t,beta,overall,training time
Batch SGD,0.05315023435063442,0.010168957898286646,0.03896071571564198,0.03409330265485435,3.756514600000001
