,w,t,beta,overall,training time
Batch SGD,0.041311624452617365,0.012815091539125745,0.0212744069109919,0.025133707634245005,0.2503323000000002
