,w,t,beta,overall,training time
Batch SGD,0.04664413751694007,0.03836951625543672,0.014063574471275332,0.03302574274788404,6.5684521
