,w,t,beta,overall,training time
Batch SGD,0.06495287362226897,0.03913328122963711,0.02666474425784817,0.043583633036584746,1.2208894999999997
