,w,t,beta,overall,training time
Batch SGD,0.05123559736545774,0.027650440367797846,0.013338173548276036,0.03074140376051054,0.6718789000000003
