,w,t,beta,overall,training time
Batch SGD with gamma_n decayed,0.3256154139731896,0.04276260196902948,0.3904450916222102,0.25294103585480976,0.15205230000000003
Batch ASGD with gamma_n decayed,0.44095549580030535,0.03045396049106558,0.5715613716555812,0.347656942648984,0.15205230000000003
