,w,t,beta,overall,training time
SGD,0.4995472606717616,0.17871593400364794,0.24128687580177802,0.3065166901590625,196.07490340000004
