,w,t,beta,overall,training time
SGD,0.6061397064907963,0.7282249129744902,0.2736872905849146,0.536017303350067,9.333325199999999
