,w,t,beta,overall,training time
SGD,0.5371583093033446,0.010214718631571529,0.19518964707820294,0.24752089167103972,19.647301900000002
