,w,t,beta,overall,training time
SGD,0.5653033180858623,0.48173593293582373,0.1668069304488215,0.4046153938235025,284.3656852
