,w,t,beta,overall,training time
SGD,0.46806712533809397,0.7442583487319483,0.1633512392391653,0.4585589044364025,452.7361426000001
