,w,t,beta,overall,training time
SGD,0.5467450193140543,0.15390557024545704,0.09530441414879086,0.26531833456943404,98.45409300000001
