,w,t,beta,overall,training time
SGD,0.5215224389535804,0.6761558317279412,0.13640461246692168,0.44469429438281444,50.161165800000006
